,keywords,number_of_times_word_appeared,tf,idf,tf_idf
115,in,133,0.015031645569620253,-4.890349128221754,-0.07350999480713079
172,on,129,0.014579566003616637,-4.859812404361672,-0.07085395571458586
321,re,84,0.00949367088607595,-4.430816798843313,-0.042064716444715
243,the,79,0.008928571428571428,-4.3694478524670215,-0.039012927254169834
433,an,68,0.0076853526220614825,-4.219507705176107,-0.03242840460578382
375,or,59,0.006668173598553345,-4.07753744390572,-0.02718972753056481
457,at,59,0.006668173598553345,-4.07753744390572,-0.02718972753056481
474,to,55,0.006216094032549729,-4.007333185232471,-0.02490995989916206
23,it,50,0.005650994575045208,-3.912023005428146,-0.022106820781126503
173,is,44,0.004972875226039783,-3.784189633918261,-0.018818302881148677
166,of,39,0.004407775768535262,-3.6635616461296463,-0.016148158250345414
372,and,36,0.00406871609403255,-3.58351893845611,-0.014580321178166813
241,as,34,0.0038426763110307413,-3.5263605246161616,-0.01355066205209646
60,ad,32,0.003616636528028933,-3.4657359027997265,-0.012534307062566823
196,by,28,0.0031645569620253164,-3.332204510175204,-0.010544950981567101
444,be,28,0.0031645569620253164,-3.332204510175204,-0.010544950981567101
356,Ald,28,0.0031645569620253164,-3.332204510175204,-0.010544950981567101
9,Council,19,0.002147377938517179,-2.9444389791664407,-0.006322823305172059
253,meeting,18,0.002034358047016275,-2.890371757896165,-0.0058800510445446395
398,for,17,0.0019213381555153706,-2.833213344056216,-0.005443560900650506
446,motion,16,0.0018083182640144665,-2.772588722239781,-0.005013722825026729
160,that,16,0.0018083182640144665,-2.772588722239781,-0.005013722825026729
389,no,15,0.0016952983725135623,-2.70805020110221,-0.004590953098613602
382,City,14,0.0015822784810126582,-2.639057329615259,-0.004175723622808954
175,Madison,14,0.0015822784810126582,-2.639057329615259,-0.004175723622808954
237,The,13,0.001469258589511754,-2.5649493574615367,-0.0037685738751130175
466,Kemble,13,0.001469258589511754,-2.5649493574615367,-0.0037685738751130175
440,IT,12,0.00135623869801085,-2.4849066497880004,-0.0033701265593869805
150,ON,12,0.00135623869801085,-2.4849066497880004,-0.0033701265593869805
455,COUNCIL,11,0.0012432188065099458,-2.3978952727983707,-0.0029811084991842314
2,Committee,11,0.0012432188065099458,-2.3978952727983707,-0.0029811084991842314
397,was,11,0.0012432188065099458,-2.3978952727983707,-0.0029811084991842314
290,She,10,0.0011301989150090416,-2.3025850929940455,-0.0026023791738178635
210,May,10,0.0011301989150090416,-2.3025850929940455,-0.0026023791738178635
47,COMMITTEE,9,0.0010171790235081375,-2.1972245773362196,-0.002234970750002936
225,CCEC,9,0.0010171790235081375,-2.1972245773362196,-0.002234970750002936
217,EOC,9,0.0010171790235081375,-2.1972245773362196,-0.002234970750002936
244,Bidar,9,0.0010171790235081375,-2.1972245773362196,-0.002234970750002936
171,idea,9,0.0010171790235081375,-2.1972245773362196,-0.002234970750002936
296,Rebecca,9,0.0010171790235081375,-2.1972245773362196,-0.002234970750002936
428,alder,9,0.0010171790235081375,-2.1972245773362196,-0.002234970750002936
11,Meeting,9,0.0010171790235081375,-2.1972245773362196,-0.002234970750002936
463,like,9,0.0010171790235081375,-2.1972245773362196,-0.002234970750002936
319,next,9,0.0010171790235081375,-2.1972245773362196,-0.002234970750002936
68,COMMON,9,0.0010171790235081375,-2.1972245773362196,-0.002234970750002936
277,Carter,9,0.0010171790235081375,-2.1972245773362196,-0.002234970750002936
261,Evers,9,0.0010171790235081375,-2.1972245773362196,-0.002234970750002936
108,other,9,0.0010171790235081375,-2.1972245773362196,-0.002234970750002936
276,McKinney,8,0.0009041591320072332,-2.0794415416798357,-0.0018801460593850232
52,EXECUTIVE,8,0.0009041591320072332,-2.0794415416798357,-0.0018801460593850232
333,Harrington,8,0.0009041591320072332,-2.0794415416798357,-0.0018801460593850232
304,up,8,0.0009041591320072332,-2.0794415416798357,-0.0018801460593850232
94,alders,8,0.0009041591320072332,-2.0794415416798357,-0.0018801460593850232
402,Mayor,8,0.0009041591320072332,-2.0794415416798357,-0.0018801460593850232
454,seconded,8,0.0009041591320072332,-2.0794415416798357,-0.0018801460593850232
155,made,7,0.0007911392405063291,-1.9459101490553135,-0.0015394858774171784
124,Foster,7,0.0007911392405063291,-1.9459101490553135,-0.0015394858774171784
66,passed,7,0.0007911392405063291,-1.9459101490553135,-0.0015394858774171784
301,vote,7,0.0007911392405063291,-1.9459101490553135,-0.0015394858774171784
185,Sheri,7,0.0007911392405063291,-1.9459101490553135,-0.0015394858774171784
235,over,7,0.0007911392405063291,-1.9459101490553135,-0.0015394858774171784
114,Baldeh,6,0.000678119349005425,-1.791759469228055,-0.0012150267648472343
80,out,6,0.000678119349005425,-1.791759469228055,-0.0012150267648472343
102,refer,6,0.000678119349005425,-1.791759469228055,-0.0012150267648472343
250,Martin,6,0.000678119349005425,-1.791759469228055,-0.0012150267648472343
139,if,6,0.000678119349005425,-1.791759469228055,-0.0012150267648472343
240,discuss,6,0.000678119349005425,-1.791759469228055,-0.0012150267648472343
378,March,6,0.000678119349005425,-1.791759469228055,-0.0012150267648472343
370,not,6,0.000678119349005425,-1.791759469228055,-0.0012150267648472343
179,week,6,0.000678119349005425,-1.791759469228055,-0.0012150267648472343
12,liked,6,0.000678119349005425,-1.791759469228055,-0.0012150267648472343
213,recovery,6,0.000678119349005425,-1.791759469228055,-0.0012150267648472343
206,OF,6,0.000678119349005425,-1.791759469228055,-0.0012150267648472343
54,Tag,6,0.000678119349005425,-1.791759469228055,-0.0012150267648472343
34,Page,5,0.0005650994575045208,-1.6094379124341003,-0.0009094924912037186
247,TO,5,0.0005650994575045208,-1.6094379124341003,-0.0009094924912037186
439,Shiva,5,0.0005650994575045208,-1.6094379124341003,-0.0009094924912037186
443,ly,5,0.0005650994575045208,-1.6094379124341003,-0.0009094924912037186
21,President,5,0.0005650994575045208,-1.6094379124341003,-0.0009094924912037186
362,Arvina,5,0.0005650994575045208,-1.6094379124341003,-0.0009094924912037186
101,Barbara,5,0.0005650994575045208,-1.6094379124341003,-0.0009094924912037186
103,Rummel,5,0.0005650994575045208,-1.6094379124341003,-0.0009094924912037186
302,from,5,0.0005650994575045208,-1.6094379124341003,-0.0009094924912037186
13,COVID,5,0.0005650994575045208,-1.6094379124341003,-0.0009094924912037186
113,Group,5,0.0005650994575045208,-1.6094379124341003,-0.0009094924912037186
254,voice,5,0.0005650994575045208,-1.6094379124341003,-0.0009094924912037186
420,Samba,5,0.0005650994575045208,-1.6094379124341003,-0.0009094924912037186
122,April,5,0.0005650994575045208,-1.6094379124341003,-0.0009094924912037186
330,Work,5,0.0005650994575045208,-1.6094379124341003,-0.0009094924912037186
480,No,5,0.0005650994575045208,-1.6094379124341003,-0.0009094924912037186
400,Minutes,5,0.0005650994575045208,-1.6094379124341003,-0.0009094924912037186
367,more,5,0.0005650994575045208,-1.6094379124341003,-0.0009094924912037186
376,MadisonMarch,4,0.0004520795660036166,-1.3862943611198906,-0.0006267153531283411
221,work,4,0.0004520795660036166,-1.3862943611198906,-0.0006267153531283411
127,Sponsors,4,0.0004520795660036166,-1.3862943611198906,-0.0006267153531283411
194,also,4,0.0004520795660036166,-1.3862943611198906,-0.0006267153531283411
357,Common,4,0.0004520795660036166,-1.3862943611198906,-0.0006267153531283411
158,Conway,4,0.0004520795660036166,-1.3862943611198906,-0.0006267153531283411
285,some,4,0.0004520795660036166,-1.3862943611198906,-0.0006267153531283411
106,Whole,4,0.0004520795660036166,-1.3862943611198906,-0.0006267153531283411
17,were,4,0.0004520795660036166,-1.3862943611198906,-0.0006267153531283411
351,would,4,0.0004520795660036166,-1.3862943611198906,-0.0006267153531283411
226,are,4,0.0004520795660036166,-1.3862943611198906,-0.0006267153531283411
337,COMMITTEEMeeting,4,0.0004520795660036166,-1.3862943611198906,-0.0006267153531283411
147,city,4,0.0004520795660036166,-1.3862943611198906,-0.0006267153531283411
215,efforts,4,0.0004520795660036166,-1.3862943611198906,-0.0006267153531283411
239,Ad,4,0.0004520795660036166,-1.3862943611198906,-0.0006267153531283411
137,Rhodes,4,0.0004520795660036166,-1.3862943611198906,-0.0006267153531283411
478,issue,4,0.0004520795660036166,-1.3862943611198906,-0.0006267153531283411
316,Grant,4,0.0004520795660036166,-1.3862943611198906,-0.0006267153531283411
37,Review,4,0.0004520795660036166,-1.3862943611198906,-0.0006267153531283411
44,role,4,0.0004520795660036166,-1.3862943611198906,-0.0006267153531283411
180,should,4,0.0004520795660036166,-1.3862943611198906,-0.0006267153531283411
123,issues,3,0.0003390596745027125,-1.0986122886681098,-0.0003724951250004893
191,discussion,3,0.0003390596745027125,-1.0986122886681098,-0.0003724951250004893
167,referred,3,0.0003390596745027125,-1.0986122886681098,-0.0003724951250004893
260,MPD,3,0.0003390596745027125,-1.0986122886681098,-0.0003724951250004893
176,having,3,0.0003390596745027125,-1.0986122886681098,-0.0003724951250004893
162,Cam,3,0.0003390596745027125,-1.0986122886681098,-0.0003724951250004893
220,THE,3,0.0003390596745027125,-1.0986122886681098,-0.0003724951250004893
182,He,3,0.0003390596745027125,-1.0986122886681098,-0.0003724951250004893
203,Ayes,3,0.0003390596745027125,-1.0986122886681098,-0.0003724951250004893
187,Surveillance,3,0.0003390596745027125,-1.0986122886681098,-0.0003724951250004893
118,during,3,0.0003390596745027125,-1.0986122886681098,-0.0003724951250004893
391,Department,3,0.0003390596745027125,-1.0986122886681098,-0.0003724951250004893
338,question,3,0.0003390596745027125,-1.0986122886681098,-0.0003724951250004893
335,around,3,0.0003390596745027125,-1.0986122886681098,-0.0003724951250004893
84,but,3,0.0003390596745027125,-1.0986122886681098,-0.0003724951250004893
33,Marsha,3,0.0003390596745027125,-1.0986122886681098,-0.0003724951250004893
308,ideas,3,0.0003390596745027125,-1.0986122886681098,-0.0003724951250004893
97,Report,3,0.0003390596745027125,-1.0986122886681098,-0.0003724951250004893
447,with,3,0.0003390596745027125,-1.0986122886681098,-0.0003724951250004893
32,Chief,3,0.0003390596745027125,-1.0986122886681098,-0.0003724951250004893
371,there,3,0.0003390596745027125,-1.0986122886681098,-0.0003724951250004893
110,this,3,0.0003390596745027125,-1.0986122886681098,-0.0003724951250004893
470,noted,3,0.0003390596745027125,-1.0986122886681098,-0.0003724951250004893
216,regularly,2,0.0002260397830018083,-0.6931471805599453,-0.0001566788382820853
385,can,2,0.0002260397830018083,-0.6931471805599453,-0.0001566788382820853
390,Voting,2,0.0002260397830018083,-0.6931471805599453,-0.0001566788382820853
188,Vic,2,0.0002260397830018083,-0.6931471805599453,-0.0001566788382820853
393,stated,2,0.0002260397830018083,-0.6931471805599453,-0.0001566788382820853
405,Deputy,2,0.0002260397830018083,-0.6931471805599453,-0.0001566788382820853
208,create,2,0.0002260397830018083,-0.6931471805599453,-0.0001566788382820853
477,AS,2,0.0002260397830018083,-0.6931471805599453,-0.0001566788382820853
476,Establishing,2,0.0002260397830018083,-0.6931471805599453,-0.0001566788382820853
413,recommended,2,0.0002260397830018083,-0.6931471805599453,-0.0001566788382820853
464,information,2,0.0002260397830018083,-0.6931471805599453,-0.0001566788382820853
193,amend,2,0.0002260397830018083,-0.6931471805599453,-0.0001566788382820853
426,business,2,0.0002260397830018083,-0.6931471805599453,-0.0001566788382820853
201,OFFICER,2,0.0002260397830018083,-0.6931471805599453,-0.0001566788382820853
373,Non,2,0.0002260397830018083,-0.6931471805599453,-0.0001566788382820853
430,back,2,0.0002260397830018083,-0.6931471805599453,-0.0001566788382820853
441,adjourn,2,0.0002260397830018083,-0.6931471805599453,-0.0001566788382820853
468,Lead,2,0.0002260397830018083,-0.6931471805599453,-0.0001566788382820853
200,Budget,2,0.0002260397830018083,-0.6931471805599453,-0.0001566788382820853
442,Wahl,2,0.0002260397830018083,-0.6931471805599453,-0.0001566788382820853
453,response,2,0.0002260397830018083,-0.6931471805599453,-0.0001566788382820853
415,Finance,2,0.0002260397830018083,-0.6931471805599453,-0.0001566788382820853
360,questions,2,0.0002260397830018083,-0.6931471805599453,-0.0001566788382820853
361,RECOMMEND,2,0.0002260397830018083,-0.6931471805599453,-0.0001566788382820853
281,Develop,2,0.0002260397830018083,-0.6931471805599453,-0.0001566788382820853
268,following,2,0.0002260397830018083,-0.6931471805599453,-0.0001566788382820853
266,Interim,2,0.0002260397830018083,-0.6931471805599453,-0.0001566788382820853
291,involved,2,0.0002260397830018083,-0.6931471805599453,-0.0001566788382820853
265,item,2,0.0002260397830018083,-0.6931471805599453,-0.0001566788382820853
263,AmendmentAttachments,2,0.0002260397830018083,-0.6931471805599453,-0.0001566788382820853
297,small,2,0.0002260397830018083,-0.6931471805599453,-0.0001566788382820853
303,committee,2,0.0002260397830018083,-0.6931471805599453,-0.0001566788382820853
306,current,2,0.0002260397830018083,-0.6931471805599453,-0.0001566788382820853
251,Final,2,0.0002260397830018083,-0.6931471805599453,-0.0001566788382820853
307,had,2,0.0002260397830018083,-0.6931471805599453,-0.0001566788382820853
245,through,2,0.0002260397830018083,-0.6931471805599453,-0.0001566788382820853
317,Legislative,2,0.0002260397830018083,-0.6931471805599453,-0.0001566788382820853
320,English,2,0.0002260397830018083,-0.6931471805599453,-0.0001566788382820853
322,Procedure,2,0.0002260397830018083,-0.6931471805599453,-0.0001566788382820853
242,agreed,2,0.0002260397830018083,-0.6931471805599453,-0.0001566788382820853
324,groups,2,0.0002260397830018083,-0.6931471805599453,-0.0001566788382820853
331,Emergency,2,0.0002260397830018083,-0.6931471805599453,-0.0001566788382820853
334,Communication,2,0.0002260397830018083,-0.6931471805599453,-0.0001566788382820853
233,Policy,2,0.0002260397830018083,-0.6931471805599453,-0.0001566788382820853
341,Creating,2,0.0002260397830018083,-0.6931471805599453,-0.0001566788382820853
228,focusing,2,0.0002260397830018083,-0.6931471805599453,-0.0001566788382820853
348,File,2,0.0002260397830018083,-0.6931471805599453,-0.0001566788382820853
352,into,2,0.0002260397830018083,-0.6931471805599453,-0.0001566788382820853
275,another,2,0.0002260397830018083,-0.6931471805599453,-0.0001566788382820853
366,use,2,0.0002260397830018083,-0.6931471805599453,-0.0001566788382820853
314,see,2,0.0002260397830018083,-0.6931471805599453,-0.0001566788382820853
0,McLay,2,0.0002260397830018083,-0.6931471805599453,-0.0001566788382820853
481,Convene,2,0.0002260397830018083,-0.6931471805599453,-0.0001566788382820853
107,ADOPT,2,0.0002260397830018083,-0.6931471805599453,-0.0001566788382820853
51,APM,2,0.0002260397830018083,-0.6931471805599453,-0.0001566788382820853
90,briefing,2,0.0002260397830018083,-0.6931471805599453,-0.0001566788382820853
16,Police,2,0.0002260397830018083,-0.6931471805599453,-0.0001566788382820853
19,additional,2,0.0002260397830018083,-0.6931471805599453,-0.0001566788382820853
92,obligations,2,0.0002260397830018083,-0.6931471805599453,-0.0001566788382820853
154,members,2,0.0002260397830018083,-0.6931471805599453,-0.0001566788382820853
71,how,2,0.0002260397830018083,-0.6931471805599453,-0.0001566788382820853
152,know,2,0.0002260397830018083,-0.6931471805599453,-0.0001566788382820853
95,planning,2,0.0002260397830018083,-0.6931471805599453,-0.0001566788382820853
62,being,2,0.0002260397830018083,-0.6931471805599453,-0.0001566788382820853
98,process,2,0.0002260397830018083,-0.6931471805599453,-0.0001566788382820853
61,main,2,0.0002260397830018083,-0.6931471805599453,-0.0001566788382820853
59,REPORT,2,0.0002260397830018083,-0.6931471805599453,-0.0001566788382820853
109,been,2,0.0002260397830018083,-0.6931471805599453,-0.0001566788382820853
57,Discussion,2,0.0002260397830018083,-0.6931471805599453,-0.0001566788382820853
35,Baldeh1,2,0.0002260397830018083,-0.6931471805599453,-0.0001566788382820853
14,present,2,0.0002260397830018083,-0.6931471805599453,-0.0001566788382820853
163,about,2,0.0002260397830018083,-0.6931471805599453,-0.0001566788382820853
56,non,2,0.0002260397830018083,-0.6931471805599453,-0.0001566788382820853
117,Attorney,2,0.0002260397830018083,-0.6931471805599453,-0.0001566788382820853
82,suggested,2,0.0002260397830018083,-0.6931471805599453,-0.0001566788382820853
126,discussed,2,0.0002260397830018083,-0.6931471805599453,-0.0001566788382820853
6,homeless,2,0.0002260397830018083,-0.6931471805599453,-0.0001566788382820853
178,she,2,0.0002260397830018083,-0.6931471805599453,-0.0001566788382820853
74,protocol,2,0.0002260397830018083,-0.6931471805599453,-0.0001566788382820853
181,wanted,2,0.0002260397830018083,-0.6931471805599453,-0.0001566788382820853
40,Hoc,2,0.0002260397830018083,-0.6931471805599453,-0.0001566788382820853
3,meetings,2,0.0002260397830018083,-0.6931471805599453,-0.0001566788382820853
77,conversation,2,0.0002260397830018083,-0.6931471805599453,-0.0001566788382820853
45,look,2,0.0002260397830018083,-0.6931471805599453,-0.0001566788382820853
55,months,1,0.00011301989150090416,0.0,0.0
380,without,1,0.00011301989150090416,0.0,0.0
381,responsibilities,1,0.00011301989150090416,0.0,0.0
399,Future,1,0.00011301989150090416,0.0,0.0
401,COMMENTThere,1,0.00011301989150090416,0.0,0.0
43,providers,1,0.00011301989150090416,0.0,0.0
48,bit,1,0.00011301989150090416,0.0,0.0
384,PMVia,1,0.00011301989150090416,0.0,0.0
386,document,1,0.00011301989150090416,0.0,0.0
46,Budgets,1,0.00011301989150090416,0.0,0.0
387,Sustainable,1,0.00011301989150090416,0.0,0.0
388,RummelKemble,1,0.00011301989150090416,0.0,0.0
396,PFAS,1,0.00011301989150090416,0.0,0.0
395,Channel,1,0.00011301989150090416,0.0,0.0
50,DepartmentsSponsors,1,0.00011301989150090416,0.0,0.0
49,good,1,0.00011301989150090416,0.0,0.0
392,speakers,1,0.00011301989150090416,0.0,0.0
394,COUNCIL59845Establishing,1,0.00011301989150090416,0.0,0.0
383,Joint,1,0.00011301989150090416,0.0,0.0
53,moved,1,0.00011301989150090416,0.0,0.0
63,provided,1,0.00011301989150090416,0.0,0.0
377,comment,1,0.00011301989150090416,0.0,0.0
344,Section,1,0.00011301989150090416,0.0,0.0
345,MeetingTuesday,1,0.00011301989150090416,0.0,0.0
346,COMMITTEE4,1,0.00011301989150090416,0.0,0.0
347,RECUSALSThere,1,0.00011301989150090416,0.0,0.0
75,ChairThis,1,0.00011301989150090416,0.0,0.0
349,Annual,1,0.00011301989150090416,0.0,0.0
350,Operating,1,0.00011301989150090416,0.0,0.0
73,Convened,1,0.00011301989150090416,0.0,0.0
353,UPDATE59932Update,1,0.00011301989150090416,0.0,0.0
354,recusals,1,0.00011301989150090416,0.0,0.0
355,working,1,0.00011301989150090416,0.0,0.0
72,may,1,0.00011301989150090416,0.0,0.0
358,Feasibility,1,0.00011301989150090416,0.0,0.0
359,Furman,1,0.00011301989150090416,0.0,0.0
70,Approvedbringing,1,0.00011301989150090416,0.0,0.0
69,difficult,1,0.00011301989150090416,0.0,0.0
67,order,1,0.00011301989150090416,0.0,0.0
363,answer,1,0.00011301989150090416,0.0,0.0
364,Assignments,1,0.00011301989150090416,0.0,0.0
365,hoc,1,0.00011301989150090416,0.0,0.0
65,scheduled,1,0.00011301989150090416,0.0,0.0
64,protocols,1,0.00011301989150090416,0.0,0.0
368,going,1,0.00011301989150090416,0.0,0.0
369,operating,1,0.00011301989150090416,0.0,0.0
42,Paul,1,0.00011301989150090416,0.0,0.0
374,capital,1,0.00011301989150090416,0.0,0.0
58,WI,1,0.00011301989150090416,0.0,0.0
379,components,1,0.00011301989150090416,0.0,0.0
403,NO,1,0.00011301989150090416,0.0,0.0
409,just,1,0.00011301989150090416,0.0,0.0
41,looking,1,0.00011301989150090416,0.0,0.0
24,Equipment,1,0.00011301989150090416,0.0,0.0
445,wide,1,0.00011301989150090416,0.0,0.0
22,robust,1,0.00011301989150090416,0.0,0.0
20,comCity,1,0.00011301989150090416,0.0,0.0
448,Additional,1,0.00011301989150090416,0.0,0.0
449,Skidmore,1,0.00011301989150090416,0.0,0.0
450,expectations,1,0.00011301989150090416,0.0,0.0
451,capabilities,1,0.00011301989150090416,0.0,0.0
452,came,1,0.00011301989150090416,0.0,0.0
18,transfer,1,0.00011301989150090416,0.0,0.0
456,Bidar7,1,0.00011301989150090416,0.0,0.0
15,MayorAld,1,0.00011301989150090416,0.0,0.0
458,ApprovedBRIEFING59433Briefing,1,0.00011301989150090416,0.0,0.0
459,economic,1,0.00011301989150090416,0.0,0.0
460,FILE,1,0.00011301989150090416,0.0,0.0
461,council,1,0.00011301989150090416,0.0,0.0
462,WHOLE,1,0.00011301989150090416,0.0,0.0
479,Foster7,1,0.00011301989150090416,0.0,0.0
1,Satya,1,0.00011301989150090416,0.0,0.0
4,DISCLOSURES,1,0.00011301989150090416,0.0,0.0
475,Technology,1,0.00011301989150090416,0.0,0.0
5,frequent,1,0.00011301989150090416,0.0,0.0
473,occur,1,0.00011301989150090416,0.0,0.0
25,holding,1,0.00011301989150090416,0.0,0.0
472,reconvened,1,0.00011301989150090416,0.0,0.0
469,CarterA,1,0.00011301989150090416,0.0,0.0
7,shared,1,0.00011301989150090416,0.0,0.0
467,Capital,1,0.00011301989150090416,0.0,0.0
8,virtual,1,0.00011301989150090416,0.0,0.0
465,procedures,1,0.00011301989150090416,0.0,0.0
10,guidelines,1,0.00011301989150090416,0.0,0.0
471,RESOLVED,1,0.00011301989150090416,0.0,0.0
26,Language,1,0.00011301989150090416,0.0,0.0
27,summary,1,0.00011301989150090416,0.0,0.0
28,DISCUSSION,1,0.00011301989150090416,0.0,0.0
38,flows,1,0.00011301989150090416,0.0,0.0
419,EmergencyThe,1,0.00011301989150090416,0.0,0.0
418,any,1,0.00011301989150090416,0.0,0.0
417,Adopted,1,0.00011301989150090416,0.0,0.0
416,minutes,1,0.00011301989150090416,0.0,0.0
39,language,1,0.00011301989150090416,0.0,0.0
421,Albourasv1Albouras,1,0.00011301989150090416,0.0,0.0
414,Office,1,0.00011301989150090416,0.0,0.0
411,Vote,1,0.00011301989150090416,0.0,0.0
410,deliberations,1,0.00011301989150090416,0.0,0.0
343,residents,1,0.00011301989150090416,0.0,0.0
408,MadisonMadison,1,0.00011301989150090416,0.0,0.0
407,food,1,0.00011301989150090416,0.0,0.0
406,ApprovedEOC,1,0.00011301989150090416,0.0,0.0
412,communications,1,0.00011301989150090416,0.0,0.0
404,take,1,0.00011301989150090416,0.0,0.0
422,Others,1,0.00011301989150090416,0.0,0.0
424,address,1,0.00011301989150090416,0.0,0.0
29,balance,1,0.00011301989150090416,0.0,0.0
438,ApprovedLegislative,1,0.00011301989150090416,0.0,0.0
437,BCC,1,0.00011301989150090416,0.0,0.0
436,www,1,0.00011301989150090416,0.0,0.0
435,Wide,1,0.00011301989150090416,0.0,0.0
434,BbJxCALL,1,0.00011301989150090416,0.0,0.0
423,StaffADJOURNMENTA,1,0.00011301989150090416,0.0,0.0
30,reaching,1,0.00011301989150090416,0.0,0.0
431,Information,1,0.00011301989150090416,0.0,0.0
31,translated,1,0.00011301989150090416,0.0,0.0
429,REFERRALS,1,0.00011301989150090416,0.0,0.0
427,failed,1,0.00011301989150090416,0.0,0.0
36,offered,1,0.00011301989150090416,0.0,0.0
425,JIC,1,0.00011301989150090416,0.0,0.0
432,ROLL,1,0.00011301989150090416,0.0,0.0
342,assigning,1,0.00011301989150090416,0.0,0.0
184,approve,1,0.00011301989150090416,0.0,0.0
340,discussions,1,0.00011301989150090416,0.0,0.0
229,Noes,1,0.00011301989150090416,0.0,0.0
230,Body,1,0.00011301989150090416,0.0,0.0
231,Questions,1,0.00011301989150090416,0.0,0.0
232,what,1,0.00011301989150090416,0.0,0.0
149,pdf1,1,0.00011301989150090416,0.0,0.0
234,assert,1,0.00011301989150090416,0.0,0.0
148,Management,1,0.00011301989150090416,0.0,0.0
236,Call,1,0.00011301989150090416,0.0,0.0
146,Mike,1,0.00011301989150090416,0.0,0.0
238,Executive,1,0.00011301989150090416,0.0,0.0
145,related,1,0.00011301989150090416,0.0,0.0
144,sharing,1,0.00011301989150090416,0.0,0.0
143,Baldeh49217,1,0.00011301989150090416,0.0,0.0
142,Engineering,1,0.00011301989150090416,0.0,0.0
141,Amending,1,0.00011301989150090416,0.0,0.0
140,assignments,1,0.00011301989150090416,0.0,0.0
138,program,1,0.00011301989150090416,0.0,0.0
259,proposed,1,0.00011301989150090416,0.0,0.0
258,recommendations,1,0.00011301989150090416,0.0,0.0
257,report,1,0.00011301989150090416,0.0,0.0
256,Rohrer,1,0.00011301989150090416,0.0,0.0
255,responsibility,1,0.00011301989150090416,0.0,0.0
132,needed,1,0.00011301989150090416,0.0,0.0
151,they,1,0.00011301989150090416,0.0,0.0
133,topicAld,1,0.00011301989150090416,0.0,0.0
134,ITEMSThere,1,0.00011301989150090416,0.0,0.0
135,Audit,1,0.00011301989150090416,0.0,0.0
249,Roll,1,0.00011301989150090416,0.0,0.0
248,PUBLIC,1,0.00011301989150090416,0.0,0.0
136,Tools,1,0.00011301989150090416,0.0,0.0
246,then,1,0.00011301989150090416,0.0,0.0
252,pandemic,1,0.00011301989150090416,0.0,0.0
131,pdfAttachments,1,0.00011301989150090416,0.0,0.0
227,week2,1,0.00011301989150090416,0.0,0.0
224,used,1,0.00011301989150090416,0.0,0.0
189,asked,1,0.00011301989150090416,0.0,0.0
190,responded,1,0.00011301989150090416,0.0,0.0
183,ORDER,1,0.00011301989150090416,0.0,0.0
192,future,1,0.00011301989150090416,0.0,0.0
195,AND,1,0.00011301989150090416,0.0,0.0
177,structure,1,0.00011301989150090416,0.0,0.0
197,FURTHER,1,0.00011301989150090416,0.0,0.0
198,transportationAld,1,0.00011301989150090416,0.0,0.0
199,plugged,1,0.00011301989150090416,0.0,0.0
174,Heck,1,0.00011301989150090416,0.0,0.0
170,policies,1,0.00011301989150090416,0.0,0.0
202,BaldehPresent,1,0.00011301989150090416,0.0,0.0
169,participation,1,0.00011301989150090416,0.0,0.0
204,speaking,1,0.00011301989150090416,0.0,0.0
205,Video,1,0.00011301989150090416,0.0,0.0
168,explained,1,0.00011301989150090416,0.0,0.0
207,bodyAld,1,0.00011301989150090416,0.0,0.0
223,disclosures,1,0.00011301989150090416,0.0,0.0
222,Role,1,0.00011301989150090416,0.0,0.0
156,thing,1,0.00011301989150090416,0.0,0.0
219,agenda,1,0.00011301989150090416,0.0,0.0
218,come,1,0.00011301989150090416,0.0,0.0
157,CONVENE,1,0.00011301989150090416,0.0,0.0
153,appreciated,1,0.00011301989150090416,0.0,0.0
159,rules,1,0.00011301989150090416,0.0,0.0
214,employment,1,0.00011301989150090416,0.0,0.0
212,between,1,0.00011301989150090416,0.0,0.0
211,where,1,0.00011301989150090416,0.0,0.0
164,Available,1,0.00011301989150090416,0.0,0.0
209,implementation,1,0.00011301989150090416,0.0,0.0
165,MINUTESA,1,0.00011301989150090416,0.0,0.0
161,PIO,1,0.00011301989150090416,0.0,0.0
76,Processes,1,0.00011301989150090416,0.0,0.0
130,list,1,0.00011301989150090416,0.0,0.0
129,feedback,1,0.00011301989150090416,0.0,0.0
100,McLayAPPROVAL,1,0.00011301989150090416,0.0,0.0
99,Proposal,1,0.00011301989150090416,0.0,0.0
305,FROM,1,0.00011301989150090416,0.0,0.0
96,felt,1,0.00011301989150090416,0.0,0.0
309,Requesting,1,0.00011301989150090416,0.0,0.0
310,service,1,0.00011301989150090416,0.0,0.0
311,Updates,1,0.00011301989150090416,0.0,0.0
312,Sustainability,1,0.00011301989150090416,0.0,0.0
313,will,1,0.00011301989150090416,0.0,0.0
93,figure,1,0.00011301989150090416,0.0,0.0
315,Camera,1,0.00011301989150090416,0.0,0.0
91,taking,1,0.00011301989150090416,0.0,0.0
318,amenable,1,0.00011301989150090416,0.0,0.0
89,ResponseMayor,1,0.00011301989150090416,0.0,0.0
88,briefings,1,0.00011301989150090416,0.0,0.0
87,Center,1,0.00011301989150090416,0.0,0.0
323,FUTURE,1,0.00011301989150090416,0.0,0.0
339,explored,1,0.00011301989150090416,0.0,0.0
78,Division,1,0.00011301989150090416,0.0,0.0
336,CALLShiva,1,0.00011301989150090416,0.0,0.0
79,Attending,1,0.00011301989150090416,0.0,0.0
186,Items,1,0.00011301989150090416,0.0,0.0
332,https,1,0.00011301989150090416,0.0,0.0
104,areas,1,0.00011301989150090416,0.0,0.0
83,public,1,0.00011301989150090416,0.0,0.0
329,BE,1,0.00011301989150090416,0.0,0.0
328,start,1,0.00011301989150090416,0.0,0.0
327,cityofmadison,1,0.00011301989150090416,0.0,0.0
326,Data,1,0.00011301989150090416,0.0,0.0
325,items,1,0.00011301989150090416,0.0,0.0
86,Ordinances,1,0.00011301989150090416,0.0,0.0
85,LEGISLATIVE,1,0.00011301989150090416,0.0,0.0
262,MadisonMeeting,1,0.00011301989150090416,0.0,0.0
105,when,1,0.00011301989150090416,0.0,0.0
299,Accepting,1,0.00011301989150090416,0.0,0.0
264,has,1,0.00011301989150090416,0.0,0.0
128,them,1,0.00011301989150090416,0.0,0.0
267,housing,1,0.00011301989150090416,0.0,0.0
125,Worn,1,0.00011301989150090416,0.0,0.0
269,could,1,0.00011301989150090416,0.0,0.0
270,rapid,1,0.00011301989150090416,0.0,0.0
271,Online,1,0.00011301989150090416,0.0,0.0
272,statutory,1,0.00011301989150090416,0.0,0.0
273,departmentsStanding,1,0.00011301989150090416,0.0,0.0
274,General,1,0.00011301989150090416,0.0,0.0
121,participate,1,0.00011301989150090416,0.0,0.0
120,specifically,1,0.00011301989150090416,0.0,0.0
119,Policies,1,0.00011301989150090416,0.0,0.0
278,thinking,1,0.00011301989150090416,0.0,0.0
279,either,1,0.00011301989150090416,0.0,0.0
280,Virtual,1,0.00011301989150090416,0.0,0.0
282,emergency,1,0.00011301989150090416,0.0,0.0
298,ApprovedCOMMON,1,0.00011301989150090416,0.0,0.0
295,Christian,1,0.00011301989150090416,0.0,0.0
294,adjourned,1,0.00011301989150090416,0.0,0.0
293,establish,1,0.00011301989150090416,0.0,0.0
292,Motion,1,0.00011301989150090416,0.0,0.0
111,better,1,0.00011301989150090416,0.0,0.0
300,AGENDA,1,0.00011301989150090416,0.0,0.0
112,Zoom,1,0.00011301989150090416,0.0,0.0
288,away,1,0.00011301989150090416,0.0,0.0
287,Applicable,1,0.00011301989150090416,0.0,0.0
286,currently,1,0.00011301989150090416,0.0,0.0
116,Recommendations,1,0.00011301989150090416,0.0,0.0
284,ITEM60105Discussion,1,0.00011301989150090416,0.0,0.0
283,several,1,0.00011301989150090416,0.0,0.0
289,have,1,0.00011301989150090416,0.0,0.0
81,subgroups,1,0.00011301989150090416,0.0,0.0
